<?xml version="1.0" encoding="UTF-8"?>
<!DOCTYPE themes PUBLIC "-//www.matthiasmann.de//TWL-Theme//EN" "http://hg.l33tlabs.org/twl/raw-file/tip/src/de/matthiasmann/twl/theme/theme.dtd">
<themes>
    <fontDef name="normal" filename="font.fnt" color="#FFFFFF" default="true">
        <fontParam if="error" color="red"/>
        <fontParam if="warning" color="#FFDC9C"/>
        <fontParam if="disabled" color="#CFCFCF"/>
        <fontParam if="textSelection" color="#A8A8FF"/>
        <fontParam if="hover" color="#FFFF9F"/>
    </fontDef>

    <inputMapDef name="-defaultInputMap">
        <action name="selectAll">ctrl A</action>
        <action name="selectAll">cmd A</action>
        <action name="cut">ctrl X</action>
        <action name="cut">cmd X</action>
        <action name="copy">ctrl C</action>
        <action name="copy">cmd C</action>
        <action name="paste">ctrl V</action>
        <action name="paste">cmd V</action>
    </inputMapDef>
    <images file="twlGuiThemeIndentedbuttons.png">
        <area name="button-borderdepressed_hover" xywh="0,0,20,20" splitx="L2,R2" splity="T3,B2" nocenter="true"/>
        <area name="button-borderdepressed_normal" xywh="0,20,20,20" splitx="L2,R2" splity="T3,B2" nocenter="true"/>
        <select name="button-borderdepressed">
            <alias ref="button-borderdepressed_hover" if="hover"/>
            <alias ref="button-borderdepressed_normal"/>
        </select>
    </images>
    <images file="gui/gui.png">
        <area name="button-border-normal" xywh="0,66,200,20" splity="T2,B3" splitx="L2,R2" nocenter="true"/>
        <area name="button-bg-normal" xywh="2,68,196,15" tiled="true"/>
        <area name="button-border-hover" xywh="0,86,200,20" splity="T2,B3" splitx="L2,R2" nocenter="true"/>
        <area name="button-bg-hover" xywh="2,88,196,15" tiled="true"/>
        <select name="button-bg">
            <alias ref="button-bg-hover" if="hover"/>
            <alias ref="button-bg-normal"/>
        </select>
        <select name="button-border-nonpressed">
            <alias ref="button-border-hover" if="hover"/>
            <alias ref="button-border-normal"/>
        </select>
        <select name="button-border">
            <alias ref="button-borderdepressed" if="selected"/>
            <alias ref="button-border-nonpressed"/>
        </select>
        <composed name="button" sizeOverwriteV="0" sizeOverwriteH="0">
            <alias ref="button-bg"/>
            <alias ref="button-border"/>
        </composed>
        <area name="textentrybg" xywh="1,47,198,18" tiled="true"/>
        <area name="textentryoverlay" xywh="0,46,200,20" nocenter="true" splity="T1,B1" splitx="L1,R1"/>
        <area name="textcursor" xywh="0,47,1,13"/>
        <composed name="background">
            <alias ref="textentrybg"/>
            <alias ref="textentryoverlay"/>
        </composed>
        <composed name="button-normal" sizeOverwriteH="0">
            <alias ref="button-bg-normal"/>
            <alias ref="button-border-normal"/>
        </composed>
    </images>

    <theme name="-defaults">
        <param name="background"><image>none</image></param>
        <param name="overlay"><image>none</image></param>
        <param name="font"><font>normal</font></param>
        <param name="textAlignment"><enum type="alignment">left</enum></param>
        <param name="minWidth"><int>0</int></param>
        <param name="minHeight"><int>0</int></param>
        <param name="maxWidth"><int>0</int></param>
        <param name="maxHeight"><int>0</int></param>
        <param name="inputMap"><inputMap>-defaultInputMap</inputMap></param>
    </theme>

    <theme name="label" ref="-defaults" allowWildcard="true">
    </theme>
    <theme name="button" ref="-defaults">
        <param name="background"><image>button</image></param>
        <param name="textAlignment"><enum type="alignment">center</enum></param>
    </theme>
    <theme name="togglebutton" ref="button"/>
    <theme name="editfield">
        <theme name="renderer" ref="label">
            <param name="border"><border>0,4,0,0</border></param>
        </theme>
        <param name="background"><image>background</image></param>
        <param name="cursor"><image>textcursor</image></param>
    </theme>
    <theme name="valueadjuster" ref="-defaults">
        <theme name="valueDisplay" ref="button"/>
        <theme name="decButton" ref="button">
            <param name="minWidth"><int>20</int></param>
        </theme>
        <theme name="incButton" ref="button">
            <param name="minWidth"><int>20</int></param>
        </theme>
        <theme name="valueEdit" ref="editfield"/>
        <param name="useMouseWheel"><bool>true</bool></param>
        <param name="width"><int>0</int></param>
        <param name="text"><string/></param>
    </theme>
    <theme name="hscrollbar" ref="-defaults">
        <param name="background"><image>background</image></param>
        <theme name="leftbutton" ref="button">
            <param name="minWidth"><int>10</int></param>
        </theme>
        <theme name="rightbutton" ref="button">
            <param name="minWidth"><int>10</int></param>
        </theme>
        <theme name="thumb" ref="-defaults">
            <param name="minWidth"><int>10</int></param>
            <param name="background"><image>button-normal</image></param>
        </theme>
        <param name="scaleThumb"><bool>true</bool></param>
        <param name="minHeight"><int>20</int></param>
    </theme>
    <theme name="vscrollbar" ref="-defaults">
        <param name="background"><image>background</image></param>
        <theme name="upbutton" ref="button">
            <param name="minHeight"><int>10</int></param>
        </theme>
        <theme name="downbutton" ref="button">
            <param name="minHeight"><int>10</int></param>
        </theme>
        <theme name="thumb" ref="-defaults">
            <param name="minHeight"><int>10</int></param>
            <param name="background"><image>button-normal</image></param>
        </theme>
        <param name="scaleThumb"><bool>true</bool></param>
        <param name="minWidth"><int>20</int></param>
    </theme>
    <theme name="scrollpane" ref="-defaults">
        <theme name="hscrollbar" ref="hscrollbar"/>
        <theme name="vscrollbar" ref="vscrollbar"/>
        <param name="scrollbarsAlwaysVisible"><bool>false</bool></param>
    </theme>
    <theme name="textarea" ref="-defaults">
        <param name="background"><image>background</image></param>
    </theme>

</themes>
